{"BORTH": [0, 0, 0, 0], "WVRMPTN": [0.5185185185185185, 0.5569620253164557, 0.5875, 0.5454545454545454], "BRMSGRV": [0.2857142857142857, 0.4782608695652174, 0.72, 0.75], "CARLILE": [0.1956521739130435, 0.28888888888888886, 0.3409090909090909, 0.34146341463414637], "LEAHALL": [1, 1.5, 1.3636363636363635, 1.4], "STECHFD": [0.9166666666666666, 1.4, 1.3333333333333333, 1.3], "COLESHL": [0.21052631578947367, 0.3684210526315789, 0.47368421052631576, 0.3888888888888889], "BHAMNWS": [0.6335078534031413, 0.7329842931937173, 0.681592039800995, 0.6020408163265306], "ASTON": [0.578125, 0.746031746031746, 0.696969696969697, 0.5555555555555556], "BNBR": [0.2, 0.22727272727272727, 0.21428571428571427, 0.20930232558139536], "UNVRSYB": [0.35294117647058826, 0.4305555555555556, 0.49333333333333335, 0.4794520547945205], "COVNTRY": [0.8333333333333334, 0.9375, 0.971830985915493, 0.9090909090909091], "TAMEBDG": [1.064516129032258, 1.1290322580645162, 1.0285714285714285, 0.7272727272727273], "WILNECT": [0.5, 0.625, 0.625, 0.5], "FIVEWYS": [0.375, 0.4897959183673469, 0.49019607843137253, 0.5294117647058824], "GLOSTER": [0.14814814814814814, 0.2692307692307692, 0.43333333333333335, 0.40625], "GALTILL": [0.825, 0.7631578947368421, 0.7804878048780488, 0.5294117647058824], "NWPTRTG": [0.16393442622950818, 0.19047619047619047, 0.21666666666666667, 0.23333333333333334], "SNDWDUD": [0.5161290322580645, 0.5625, 0.5757575757575758, 0.5588235294117647], "LMNGTNS": [0.17073170731707318, 0.20454545454545456, 0.22727272727272727, 0.20454545454545456], "NNTN": [0.1935483870967742, 0.25, 0.4117647058823529, 0.29411764705882354], "ADERLYP": [0.6, 1, 0.8, 0.5], "TMWTHHL": [0.22727272727272727, 0.4090909090909091, 0.391304347826087, 0.2857142857142857], "WALSALL": [1.12, 1.0909090909090908, 0.96, 0.6521739130434783], "COSELEY": [0.4583333333333333, 0.5652173913043478, 0.6, 0.55], "BRSTPWY": [0.3333333333333333, 0.38, 0.4166666666666667, 0.44680851063829785], "BHAMINT": [0.8524590163934426, 1.0806451612903225, 1.0142857142857142, 0.953125], "BURTNOT": [0.25, 0.38095238095238093, 0.43478260869565216, 0.47619047619047616], "WTRORTN": [0, 0, 0, 0], "CHFD": [0.4444444444444444, 0.37209302325581395, 0.3181818181818182, 0.375], "MRSTNGR": [1.375, 1.6521739130434783, 1.5, 1.48], "DRBY": [0.22058823529411764, 0.18571428571428572, 0.14492753623188406, 0.11764705882352941], "DUDESTN": [0.696969696969697, 0.8484848484848485, 0.8108108108108109, 0.7142857142857143], "STAFFRD": [0.45614035087719296, 0.46296296296296297, 0.4807692307692308, 0.5471698113207547], "CHLTNHM": [0.34146341463414637, 0.42857142857142855, 0.5454545454545454, 0.5348837209302325], "WATFDJ": [0.16923076923076924, 0.27419354838709675, 0.3064516129032258, 0.5], "SMTHKRS": [0.375, 0.3333333333333333, 0.3333333333333333, 0.125]}