{"BORTH": [0.4, 0.5, 0.6666666666666666, 0.875], "WVRMPTN": [0.96875, 1.1612903225806452, 1.253968253968254, 1.2769230769230768], "BRMSGRV": [0.5652173913043478, 0.5652173913043478, 0.6521739130434783, 0.75], "CARLILE": [0.2391304347826087, 0.1956521739130435, 0.20930232558139536, 0.3170731707317073], "LEAHALL": [1.0833333333333333, 1.5, 1.5, 1.7692307692307692], "STECHFD": [1, 1.4545454545454546, 1.5, 1.7692307692307692], "COLESHL": [0.47058823529411764, 0.4375, 0.5625, 0.75], "BHAMNWS": [0.7239263803680982, 0.9444444444444444, 1.1204819277108433, 1.154320987654321], "ASTON": [0.42424242424242425, 0.6212121212121212, 0.746031746031746, 0.9152542372881356], "BNBR": [0.45, 0.6, 0.7, 0.8292682926829268], "UNVRSYB": [0.36764705882352944, 0.4411764705882353, 0.5625, 0.7333333333333333], "COVNTRY": [0.8431372549019608, 1.0980392156862746, 1.326086956521739, 1.2826086956521738], "TAMEBDG": [0.8214285714285714, 1.25, 1.5172413793103448, 1.7407407407407407], "WILNECT": [0.6666666666666666, 0.7142857142857143, 1, 1], "FIVEWYS": [0.19607843137254902, 0.3137254901960784, 0.4166666666666667, 0.6363636363636364], "GLOSTER": [0.68, 0.7692307692307693, 0.8571428571428571, 0.7692307692307693], "GALTILL": [1.2083333333333333, 1.434782608695652, 1.7391304347826086, 1.6923076923076923], "NWPTRTG": [0.6078431372549019, 0.5490196078431373, 0.6170212765957447, 0.6041666666666666], "SNDWDUD": [1.173913043478261, 1.5, 1.625, 1.6296296296296295], "LMNGTNS": [0.425, 0.6052631578947368, 0.8378378378378378, 0.95], "NNTN": [0.4642857142857143, 0.5862068965517241, 0.5172413793103449, 0.6666666666666666], "ADERLYP": [0.8571428571428571, 1.5714285714285714, 1.625, 1.8333333333333333], "TMWTHHL": [0.631578947368421, 0.8333333333333334, 1, 0.875], "WALSALL": [0.7727272727272727, 1.15, 1.6, 1.8181818181818181], "COSELEY": [1.2857142857142858, 1.5625, 1.75, 1.875], "BRSTPWY": [0.9375, 0.9444444444444444, 0.9117647058823529, 0.8157894736842105], "BHAMINT": [0.9166666666666666, 1.25, 1.44, 1.4565217391304348], "BURTNOT": [0.8947368421052632, 1, 1, 0.8235294117647058], "WTRORTN": [1, 1, 1.5, 1], "CHFD": [0.6176470588235294, 0.7058823529411765, 0.8378378378378378, 0.8108108108108109], "MRSTNGR": [1, 1.4210526315789473, 1.65, 1.8235294117647058], "DRBY": [0.4482758620689655, 0.5862068965517241, 0.5614035087719298, 0.6379310344827587], "DUDESTN": [0.48484848484848486, 0.7878787878787878, 0.9375, 1.1333333333333333], "STAFFRD": [0.7333333333333333, 0.9782608695652174, 1.1914893617021276, 1.346938775510204], "CHLTNHM": [0.7948717948717948, 0.8157894736842105, 0.8780487804878049, 0.8055555555555556], "WATFDJ": [0.625, 0.7111111111111111, 0.8260869565217391, 0.9318181818181818], "SMTHKRS": [1.1428571428571428, 1.6666666666666667, 1.8333333333333333, 1.8333333333333333]}