{"BORTH": [0.4], "WVRMPTN": [0.96875], "BRMSGRV": [0.5652173913043478], "CARLILE": [0.2391304347826087], "LEAHALL": [1.0833333333333333], "STECHFD": [1], "COLESHL": [0.47058823529411764], "BHAMNWS": [0.7239263803680982], "ASTON": [0.42424242424242425], "BNBR": [0.45], "UNVRSYB": [0.36764705882352944], "COVNTRY": [0.8431372549019608], "TAMEBDG": [0.8214285714285714], "WILNECT": [0.6666666666666666], "FIVEWYS": [0.19607843137254902], "GLOSTER": [0.68], "GALTILL": [1.2083333333333333], "NWPTRTG": [0.6078431372549019], "SNDWDUD": [1.173913043478261], "LMNGTNS": [0.425], "NNTN": [0.4642857142857143], "ADERLYP": [0.8571428571428571], "TMWTHHL": [0.631578947368421], "WALSALL": [0.7727272727272727], "COSELEY": [1.2857142857142858], "BRSTPWY": [0.9375], "BHAMINT": [0.9166666666666666], "BURTNOT": [0.8947368421052632], "WTRORTN": [1], "CHFD": [0.6176470588235294], "MRSTNGR": [1], "DRBY": [0.4482758620689655], "DUDESTN": [0.48484848484848486], "STAFFRD": [0.7333333333333333], "CHLTNHM": [0.7948717948717948], "WATFDJ": [0.625], "SMTHKRS": [1.1428571428571428]}